{"cameraMode":{"drawMode":0,"name":"Shaded","section":"Shading Mode"},"sceneLighting":false,"audioPlay":false,"sceneViewState":{"m_AlwaysRefresh":false,"showFog":true,"showSkybox":true,"showFlares":true,"showImageEffects":true,"showParticleSystems":true,"showVisualEffectGraphs":true,"m_FxEnabled":true},"in2DMode":false,"pivot":{"x":-141.87344360351563,"y":41.29183578491211,"z":-10.420975685119629},"rotation":{"x":0.03406267240643501,"y":-0.8885584473609924,"z":0.06674045324325562,"w":0.4527476727962494},"size":1.5871270895004273,"orthographic":false}