{"cameraMode":{"drawMode":0,"name":"Shaded","section":"Shading Mode"},"sceneLighting":true,"audioPlay":false,"sceneViewState":{"m_AlwaysRefresh":false,"showFog":true,"showSkybox":true,"showFlares":true,"showImageEffects":true,"showParticleSystems":true,"showVisualEffectGraphs":true,"m_FxEnabled":true},"in2DMode":false,"pivot":{"x":7.692747116088867,"y":0.4686192274093628,"z":-46.22713088989258},"rotation":{"x":0.31988096237182619,"y":-0.5946899056434631,"z":0.27851054072380068,"w":0.6830047965049744},"size":0.8029420375823975,"orthographic":false}