{"cameraMode":{"drawMode":0,"name":"Shaded","section":"Shading Mode"},"sceneLighting":false,"audioPlay":false,"sceneViewState":{"m_AlwaysRefresh":false,"showFog":true,"showSkybox":true,"showFlares":true,"showImageEffects":true,"showParticleSystems":true,"showVisualEffectGraphs":true,"m_FxEnabled":true},"in2DMode":false,"pivot":{"x":132.8001708984375,"y":207.4792022705078,"z":-34.602203369140628},"rotation":{"x":0.1582867056131363,"y":-0.023402659222483636,"z":0.003752590622752905,"w":0.9871103763580322},"size":196.88235473632813,"orthographic":false}