{"cameraMode":{"drawMode":0,"name":"Shaded","section":"Shading Mode"},"sceneLighting":false,"audioPlay":false,"sceneViewState":{"m_AlwaysRefresh":false,"showFog":true,"showSkybox":true,"showFlares":true,"showImageEffects":true,"showParticleSystems":true,"showVisualEffectGraphs":true,"m_FxEnabled":true},"in2DMode":false,"pivot":{"x":-192.98480224609376,"y":-64.39938354492188,"z":292.5619812011719},"rotation":{"x":-0.16123630106449128,"y":0.026059607043862344,"z":-0.004262689501047134,"w":-0.9865649342536926},"size":169.06651306152345,"orthographic":false}