{"cameraMode":{"drawMode":0,"name":"Shaded","section":"Shading Mode"},"sceneLighting":false,"audioPlay":false,"sceneViewState":{"m_AlwaysRefresh":false,"showFog":true,"showSkybox":true,"showFlares":true,"showImageEffects":true,"showParticleSystems":true,"showVisualEffectGraphs":true,"m_FxEnabled":true},"in2DMode":false,"pivot":{"x":-163.19207763671876,"y":222.8410186767578,"z":-1.9003252983093262},"rotation":{"x":0.06096411496400833,"y":0.7474204897880554,"z":-0.06925786286592484,"w":0.657917320728302},"size":0.15905292332172395,"orthographic":false}