{"cameraMode":{"drawMode":0,"name":"Shaded","section":"Shading Mode"},"sceneLighting":false,"audioPlay":false,"sceneViewState":{"m_AlwaysRefresh":false,"showFog":true,"showSkybox":true,"showFlares":true,"showImageEffects":true,"showParticleSystems":true,"showVisualEffectGraphs":true,"m_FxEnabled":true},"in2DMode":false,"pivot":{"x":-136.0004119873047,"y":27.253711700439454,"z":-10.469017028808594},"rotation":{"x":0.21571257710456849,"y":-0.026071632280945779,"z":0.0057615782134234909,"w":0.976093053817749},"size":409.8673400878906,"orthographic":false}