{"cameraMode":{"drawMode":0,"name":"Shaded","section":"Shading Mode"},"sceneLighting":false,"audioPlay":false,"sceneViewState":{"m_AlwaysRefresh":false,"showFog":true,"showSkybox":true,"showFlares":true,"showImageEffects":true,"showParticleSystems":true,"showVisualEffectGraphs":true,"m_FxEnabled":true},"in2DMode":false,"pivot":{"x":428.48443603515627,"y":176.84890747070313,"z":-210.69723510742188},"rotation":{"x":0.03749007731676102,"y":0.007790897972881794,"z":-0.0002926849410869181,"w":0.9992752075195313},"size":222.76869201660157,"orthographic":false}