{"cameraMode":{"drawMode":0,"name":"Shaded","section":"Shading Mode"},"sceneLighting":false,"audioPlay":false,"sceneViewState":{"m_AlwaysRefresh":false,"showFog":true,"showSkybox":true,"showFlares":true,"showImageEffects":true,"showParticleSystems":true,"showVisualEffectGraphs":true,"m_FxEnabled":true},"in2DMode":false,"pivot":{"x":491.1656494140625,"y":-6.467987060546875,"z":826.4171142578125},"rotation":{"x":-0.11517778038978577,"y":-0.03367587924003601,"z":0.0039055743254721166,"w":-0.9927707314491272},"size":763.6018676757813,"orthographic":false}